EN_Td,Emean_eV,w_ms,muN,DNt,DNl,kion_m3s,katt_m3s,keff_m3s,alphaN_ion_m2,alphaN_eff_m2
11.406,5.39773270466669,11021.695655008,9.66306825794144e+23,6.6079024116059e+24,3.33159410506838e+24,0,0,0,0,0
14.84,5.48959432389157,13975.8832878309,9.41771111039819e+23,6.5489273614036e+24,3.40941996271142e+24,1.28052445005493e-21,0,1.28052445005493e-21,9.16238654604331e-26,9.16238654604331e-26
19.307,5.61319150695053,18323.7976209299,9.49075341634119e+23,6.59937835734315e+24,3.43950947692413e+24,1.65751352918533e-20,0,1.65751352918533e-20,9.0456878179667e-25,9.0456878179667e-25
25.119,5.73093855543889,22865.5745004202,9.10289999618623e+23,6.3012464029186e+24,3.40072273243873e+24,1.39856197434904e-19,0,1.39856197434904e-19,6.11645237395341e-24,6.11645237395341e-24
30,5.82343590638956,26971.6157101632,8.99053857005439e+23,6.30897301589166e+24,3.35343665977002e+24,4.48871087249666e-19,0,4.48871087249666e-19,1.66423506872273e-23,1.66423506872273e-23
32.68,5.87528214628175,28616.3068592528,8.75651984677259e+23,6.0380773252921e+24,3.34847288778785e+24,6.6860117114092e-19,0,6.6860117114092e-19,2.33643416821529e-23,2.33643416821529e-23
42.518,6.04810175132885,36311.3959085047,8.54024081765481e+23,5.91128287095828e+24,3.27929077832559e+24,2.84960565605724e-18,0,2.84960565605724e-18,7.84768964332163e-23,7.84768964332163e-23
50,6.15421514427813,42327.9005129731,8.46558010259462e+23,5.86483245901141e+24,3.37937597141704e+24,6.18151616548569e-18,0,6.18151616548569e-18,1.46038808695251e-22,1.46038808695251e-22
55.317,6.23737605401816,46304.5842315933,8.37076924482408e+23,5.80372737524046e+24,3.37119388632693e+24,9.34754186147829e-18,0,9.34754186147829e-18,2.0187076542414e-22,2.0187076542414e-22
70,6.42468726674671,57256.5968221178,8.17951383173111e+23,5.71032786777267e+24,3.29221849426163e+24,2.40119907601608e-17,0,2.40119907601608e-17,4.19375095497907e-22,4.19375095497907e-22
71.969,6.43971495711935,57960.5176831196,8.05353939656236e+23,5.51859311255373e+24,3.30485811044564e+24,2.52164653120586e-17,0,2.52164653120586e-17,4.35062803440118e-22,4.35062803440118e-22
90,6.64921285686911,70926.5005601426,7.88072228446029e+23,5.42696162760642e+24,3.32872352470043e+24,5.53125639456895e-17,0,5.53125639456895e-17,7.79857507544544e-22,7.79857507544544e-22
93.633,6.6995233012752,74372.3654756582,7.94296513789564e+23,5.47129747489744e+24,3.26897673644727e+24,6.62635473152337e-17,0,6.62635473152337e-17,8.90970011393836e-22,8.90970011393836e-22
100,6.75704379139814,77856.7340154933,7.78567340154933e+23,5.39133552098584e+24,3.29080600980904e+24,7.80258478192929e-17,0,7.80258478192929e-17,1.00217211530818e-21,1.00217211530818e-21
110,6.86310081983056,85255.385736597,7.75048961241791e+23,5.43824346257135e+24,3.28060664894127e+24,1.07398413928921e-16,0,1.07398413928921e-16,1.25972585779785e-21,1.25972585779785e-21
121.819,6.9588108462714,92390.142892011,7.58421452253023e+23,5.23984286247902e+24,3.22607514341679e+24,1.38280083517438e-16,0,1.38280083517438e-16,1.49669736607146e-21,1.49669736607146e-21
130,7.05174590545296,98417.7416509591,7.57059551161224e+23,5.26348112110882e+24,3.30730950058917e+24,1.71716140672488e-16,0,1.71716140672488e-16,1.74476814639258e-21,1.74476814639258e-21
150,7.22622714678403,110661.659099978,7.37744393999853e+23,5.12068600553328e+24,3.37361441313562e+24,2.47414038059693e-16,0,2.47414038059693e-16,2.23577018519274e-21,2.23577018519274e-21
158.489,7.32001538393651,117935.035683162,7.44121268246769e+23,5.04580965588454e+24,3.37893837923451e+24,2.98631064941278e-16,0,2.98631064941278e-16,2.53216580816207e-21,2.53216580816207e-21
170,7.38623205600563,121913.135448372,7.17136090872778e+23,4.96006637629276e+24,3.28131312686486e+24,3.33905453882134e-16,0,3.33905453882134e-16,2.73888004482942e-21,2.73888004482942e-21
190,7.56173886655817,134666.544343736,7.08771286019664e+23,4.95485495799592e+24,3.26122347245582e+24,4.47945351583335e-16,0,4.47945351583335e-16,3.32632988962689e-21,3.32632988962689e-21
206.199,7.68401778483324,144464.712856647,7.00608212729678e+23,4.84678257849582e+24,3.37163496944977e+24,5.39874291594051e-16,0,5.39874291594051e-16,3.73706686510893e-21,3.73706686510893e-21
210,7.73405377524857,148478.32268128,7.07039631815618e+23,4.8348489508598e+24,3.27428401709895e+24,5.82295735593975e-16,0,5.82295735593975e-16,3.92175588381287e-21,3.92175588381287e-21
230,7.92207876665311,162646.726704531,7.07159681324048e+23,4.79912915495552e+24,3.43481427926542e+24,7.4016783261784e-16,0,7.4016783261784e-16,4.5507699270361e-21,4.5507699270361e-21
250,8.07926791076228,173585.113862868,6.94340455451474e+23,4.78142936433289e+24,3.34599036063709e+24,8.91047620823349e-16,0,8.91047620823349e-16,5.13320296305634e-21,5.13320296305634e-21
268.27,8.25215424349519,186475.315132211,6.95103124211468e+23,4.84473171872423e+24,3.43897527087614e+24,1.07641762934387e-15,0,1.07641762934387e-15,5.77244032852654e-21,5.77244032852654e-21
270,8.22931987444757,184473.2943299,6.83234423444076e+23,4.79720272140249e+24,3.36230618212289e+24,1.05171777290913e-15,0,1.05171777290913e-15,5.70119255868174e-21,5.70119255868174e-21
290,8.41926522085179,198353.583665073,6.83977874707149e+23,4.77075372059672e+24,3.45023368683606e+24,1.26490537735445e-15,0,1.26490537735445e-15,6.37702306145515e-21,6.37702306145515e-21
310,8.51676901687351,204707.486582408,6.60346730910993e+23,4.5809624045676e+24,3.44869571969255e+24,1.38498181361964e-15,0,1.38498181361964e-15,6.76566273535919e-21,6.76566273535919e-21
330,8.71356069134474,218876.163326425,6.63261100989167e+23,4.72462827633188e+24,3.37062338721145e+24,1.62738293402759e-15,0,1.62738293402759e-15,7.43517662816741e-21,7.43517662816741e-21
349.025,8.87609173599766,230418.527291937,6.60177715899826e+23,4.685472499939e+24,3.53151767513071e+24,1.84548854378625e-15,0,1.84548854378625e-15,8.00928886004049e-21,8.00928886004049e-21
350,8.88953894528329,230494.967792933,6.58557050836951e+23,4.69150033794427e+24,3.45487330046294e+24,1.84256475816189e-15,0,1.84256475816189e-15,7.99394787576089e-21,7.99394787576089e-21
370,9.02227887715732,241530.951308004,6.52786354886496e+23,4.62250176404951e+24,3.42390304468409e+24,2.06152140484208e-15,0,2.06152140484208e-15,8.53522661869204e-21,8.53522661869204e-21
390,9.22950267040658,257003.418450908,6.58983124233098e+23,4.65738148197218e+24,3.47126294958433e+24,2.35744234240406e-15,0,2.35744234240406e-15,9.17280539151417e-21,9.17280539151417e-21
454.091,9.7588021683474,291836.012133574,6.42681779937445e+23,4.7095265322604e+24,3.5576011683951e+24,3.22026407703086e-15,0,3.22026407703086e-15,1.10344986332836e-20,1.10344986332836e-20
590.784,11.0584290526967,373362.43996207,6.31977914029611e+23,4.8823552614764e+24,3.94530244637077e+24,5.6235533350986e-15,0,5.6235533350986e-15,1.50619150005284e-20,1.50619150005284e-20
768.625,12.6194060985809,465925.172459069,6.06180091018466e+23,4.96701711593177e+24,4.35179996778541e+24,8.98812938084744e-15,0,8.98812938084744e-15,1.92909289133483e-20,1.92909289133483e-20
1000,15.1420348288235,601967.751783002,6.01967751783002e+23,5.43040057630135e+24,5.01055289910248e+24,1.46583434068049e-14,0,1.46583434068049e-14,2.4350712082811e-20,2.4350712082811e-20
