condition,material,burst_kHz,member,capture_index,carrier_Hz,detected_burst_Hz,burst_detection_method,burst_frequency_relative_error,voltage_pp_kV,locked_charge_sign,file_sign_vote,sign_vote_disagrees,charge_lsb_nC,complex_fit_residual_rms_nC,complex_fit_signal_codes,raw_qv_energy_per_burst_uJ,burst_energy_median_uJ,apparent_lissajous_power_mW,detected_activity_on_fraction,duty_on_fraction,duty_envelope_contrast,source_voltage_clipped,current_clipped,monitor_voltage_clipped,negative_peak_envelope_halfcycle_median_nC,negative_peak_envelope_halfcycle_p95_nC,negative_all_halfcycle_p95_nC,negative_record_total_nC,negative_record_average_equivalent_flow_per_s,negative_peak_halfcycle_average_equivalent_flow_p95_per_s,negative_resolved_halfcycles,negative_total_halfcycles,negative_resolved_halfcycle_fraction,negative_peak_charge_resolution_threshold_nC,negative_peak_rate_resolution_threshold_per_s,positive_peak_envelope_halfcycle_median_nC,positive_peak_envelope_halfcycle_p95_nC,positive_all_halfcycle_p95_nC,positive_record_total_nC,positive_record_average_equivalent_flow_per_s,positive_peak_halfcycle_average_equivalent_flow_p95_per_s,positive_resolved_halfcycles,positive_total_halfcycles,positive_resolved_halfcycle_fraction,positive_peak_charge_resolution_threshold_nC,positive_peak_rate_resolution_threshold_per_s,transport_imbalance_nC
5mM_Mn_nitrate_in_water_4kHz,5mM_Mn_nitrate_in_water,4,Lissajouswaveformsdifferentmediums/manganese nitrate in water/Lissajousfigure4kHz/Lissajousfigure4kHz_01.csv,1,127994.47063898804,3999.7440163866904,current activity-envelope rising edges,6.399590332739535e-05,8.0554874,1,-1,True,7.9047679999999945,20.20334854120796,30.18300222551792,3681.4621750438478,3681.4621750438478,14724.90630618556,0.1876820715964842,0.1876820715964842,0.8810715114153538,False,False,False,224.29868896010805,235.86920286063815,192.06171474057086,28585.624031952582,1.7841158952864502e+16,3.123711865256315e+17,199.0,1204.0,0.16528239202657807,19.812896135455993,2.6311421563541412e+16,19.909106990137218,35.6824233216519,239.40912744956762,26558.162133581194,1.6575758205996514e+16,7.300156155707307e+16,158.0,768.0,0.20572916666666666,28.207727140681747,5.839210071949976e+16,-2027.461898371388
5mM_Mn_nitrate_in_water_4kHz,5mM_Mn_nitrate_in_water,4,Lissajouswaveformsdifferentmediums/manganese nitrate in water/Lissajousfigure4kHz/Lissajousfigure4kHz_64.csv,64,127994.47063898804,3999.7440163866904,voltage activity-envelope rising edges,6.399590332739535e-05,7.8973918,1,-1,True,7.9047679999999945,19.90299260408007,31.323541567945277,3705.2795048792304,3705.2795048792304,14820.16952868094,0.19309194381157732,0.19309194381157732,0.8733093588537105,False,False,False,233.60017410954416,247.1546162866187,191.234667296956,28611.596432364277,1.7857369119331904e+16,3.243470290229897e+17,208.0,1120.0,0.18571428571428572,19.812896135455993,2.6176821856752436e+16,26.394584442340346,38.28897548759812,312.6139286857022,26131.18866733448,1.6309271055971444e+16,7.953785704551346e+16,174.0,613.0,0.2838499184339315,28.207727140681747,5.875725372027231e+16,-2480.407765029795
5mM_Mn_nitrate_in_water_10kHz,5mM_Mn_nitrate_in_water,10,Lissajouswaveformsdifferentmediums/manganese nitrate in water/Lissajousfigure10kHz-0002/Lissajousfigure10kHz-0002_01.csv,1,119994.81622405129,10005.603137766497,voltage activity-envelope rising edges,0.000560313776649673,7.739296200000001,1,-1,True,7.9047679999999945,22.019864618798973,42.70185027218025,2538.4021586714853,2538.4021586714853,25398.24460371666,0.33437493333082013,0.33437493333082013,0.8386342690814058,False,False,False,130.26586668811126,142.2575148485676,139.58511863639797,40490.818778235196,2.527155374137131e+16,1.8642696158966726e+17,433.0,1173.0,0.3691389599317988,19.812896135455993,2.6305916337272304e+16,205.60228496185803,224.76299927456793,214.26436390214695,39932.4173861575,2.4923038418269636e+16,3.072303176227905e+17,275.0,1022.0,0.2690802348336595,28.207727140681747,5.82281166289976e+16,-558.4013920776997
5mM_Mn_nitrate_in_water_10kHz,5mM_Mn_nitrate_in_water,10,Lissajouswaveformsdifferentmediums/manganese nitrate in water/Lissajousfigure10kHz-0002/Lissajousfigure10kHz-0002_64.csv,64,119994.81622405129,9995.202302903954,voltage activity-envelope rising edges,0.00047976970960462496,7.739296200000001,1,-1,True,7.9047679999999945,21.90825159185574,43.02952302286044,2515.588917693612,2515.588917693612,25143.820143290854,0.3329865057418673,0.3329865057418673,0.8405183858698896,False,False,False,127.49102753267636,137.81092702257357,136.50830620119189,39806.80989299919,2.4844642954570704e+16,1.8012687239565475e+17,434.0,1137.0,0.3817062445030783,19.812896135455993,2.627018997046756e+16,201.25370509023298,216.0314907113157,209.82330273225202,39181.251159781365,2.4454212688601468e+16,2.933800664649415e+17,286.0,1018.0,0.28094302554027506,28.207727140681747,5.819891538852244e+16,-625.5587332178256
5mM_Mn_nitrate_in_water_20kHz,5mM_Mn_nitrate_in_water,20,Lissajouswaveformsdifferentmediums/manganese nitrate in water/Lissajousfigure20kHz-0003/Lissajousfigure20kHz-0003_01.csv,1,119994.81622405129,19990.404605807908,voltage activity-envelope rising edges,0.00047976970960462496,8.21358276,1,-1,True,7.9047679999999945,47.25634067859658,47.82744289687193,3531.909097876263,3531.909097876263,70604.2918974805,0.4833333333333229,0.4833333333333229,0.7882654100859672,False,False,False,290.1189797239527,299.3628285960079,295.686225138331,114225.96463472935,7.129190495595006e+16,4.251164806149415e+17,871.0,871.0,1.0,19.812896135455993,2.825509182920161e+16,76.33344856458729,87.3837597640419,306.4597412533825,114581.03079969037,7.151351256825101e+16,1.1420734421090733e+17,993.0,1051.0,0.9448144624167459,28.207727140681747,3.824608275717762e+16,355.0661649610265
5mM_Mn_nitrate_in_water_20kHz,5mM_Mn_nitrate_in_water,20,Lissajouswaveformsdifferentmediums/manganese nitrate in water/Lissajousfigure20kHz-0003/Lissajousfigure20kHz-0003_64.csv,64,119994.81622405129,19990.404605807908,voltage activity-envelope rising edges,0.00047976970960462496,8.21358276,1,-1,True,7.9047679999999945,47.94405201062601,46.95204215946164,3537.5643403669906,3537.5643403669906,70717.3424830141,0.4812499999999915,0.4812499999999915,0.7739893950852572,False,False,False,289.22871269201323,300.72310248628844,294.6107134974346,116574.12656874521,7.275746436668794e+16,4.262774885086338e+17,991.0,995.0,0.9959798994974874,19.812896135455993,2.8322735689993748e+16,78.26858561257086,88.44062012395332,302.4109537269481,112981.72617310456,7.051533782051506e+16,1.190087608318278e+17,1000.0,1048.0,0.9541984732824428,28.207727140681747,3.96650513761071e+16,-3592.4003956406523
BMIM_nitrate_4kHz,BMIM_nitrate,4,Lissajouswaveformsdifferentmediums/ionic liquid/Lissajousfigure4kHz-0008/Lissajousfigure4kHz-0008_01.csv,1,127994.47063898804,3999.7440163866904,current activity-envelope rising edges,6.399590332739535e-05,7.265625,1,-1,True,7.9047679999999945,28.949547262308727,28.60993142651703,3009.392815057257,3009.392815057257,12036.800904982361,0.18060754830560552,0.18060754830560552,0.8793638996147795,False,False,False,319.44124133112626,332.93366915378147,119.20297993674012,27304.023043128283,1.704127272578042e+16,4.194162754781499e+17,152.0,1200.0,0.12666666666666668,28.937063490823643,3.6823054198618456e+16,80.621445724459,95.66060422806615,88.89705938920939,25811.15577471022,1.6109528776388108e+16,1.8404201098255773e+17,117.0,888.0,0.13175675675675674,40.3138243572825,8.025962921946475e+16,-1492.8672684180638
BMIM_nitrate_4kHz,BMIM_nitrate,4,Lissajouswaveformsdifferentmediums/ionic liquid/Lissajousfigure4kHz-0008/Lissajousfigure4kHz-0008_64.csv,64,127994.47063898804,3999.7440163866904,current activity-envelope rising edges,6.399590332739535e-05,7.265625,1,-1,True,7.9047679999999945,29.952411144759278,28.431020448204155,2986.842177682173,2986.842177682173,11946.604128075664,0.183520606594347,0.183520606594347,0.8816592990296783,False,False,False,312.52738228118176,327.98597855165235,114.59109143961066,26899.966154749003,1.6789088510262976e+16,4.1236518284680083e+17,155.0,1196.0,0.12959866220735786,28.937063490823643,3.669123053556881e+16,78.19406745510071,95.3273839096549,93.04417302462838,25325.511865958288,1.5806423615526526e+16,1.8895901004905322e+17,130.0,860.0,0.1511627906976744,40.3138243572825,8.011600208446947e+16,-1574.4542887907155
BMIM_nitrate_10kHz,BMIM_nitrate,10,Lissajouswaveformsdifferentmediums/ionic liquid/Lissajousfigure10kHz-0007/Lissajousfigure10kHz-0007_01.csv,1,119994.81622405129,10005.603137766497,voltage activity-envelope rising edges,0.000560313776649673,7.26500988,1,-1,True,7.9047679999999945,44.33402002579372,43.01534209020199,3027.2137712626413,3027.2137712626413,30289.099608435434,0.30312500000000225,0.30312500000000225,0.8483705709301628,False,False,False,314.46747500943405,335.2821277177786,311.4691745155782,58450.89328800777,3.648098348045877e+16,4.361544936557361e+17,365.0,1109.0,0.3291253381424707,28.937063490823643,3.827749524715836e+16,328.2439069993957,339.9770340580867,334.5879752662489,54242.77663121566,3.3854569655030156e+16,4.4219831381499104e+17,239.0,1135.0,0.2105726872246696,40.3138243572825,8.034544347170595e+16,-4208.11665679211
BMIM_nitrate_10kHz,BMIM_nitrate,10,Lissajouswaveformsdifferentmediums/ionic liquid/Lissajousfigure10kHz-0007/Lissajousfigure10kHz-0007_64.csv,64,119994.81622405129,10005.603137766497,voltage activity-envelope rising edges,0.000560313776649673,7.26500988,1,-1,True,7.9047679999999945,43.09781985421605,42.87663255283812,3017.819065227398,3017.819065227398,30195.09990825081,0.3041665969718145,0.3041665969718145,0.8487936403637361,False,False,False,309.25984627971656,326.9253834070184,307.6449907699671,58899.68713010571,3.676108939191224e+16,4.317843316719953e+17,371.0,1128.0,0.32890070921985815,28.937063490823643,3.837790241791568e+16,328.49677123731556,339.83733152350146,335.78025559568607,54930.72747681939,3.4283940739406492e+16,4.432071292819488e+17,243.0,1123.0,0.2163846838824577,40.3138243572825,8.10113671042547e+16,-3968.9596532863216
BMIM_nitrate_20kHz,BMIM_nitrate,20,Lissajouswaveformsdifferentmediums/ionic liquid/Lissajousfigure20kHz-0006/Lissajousfigure20kHz-0006_01.csv,1,119994.81622405129,19990.404605807908,voltage activity-envelope rising edges,0.00047976970960462496,7.581200839999999,1,-1,True,7.9047679999999945,58.705003757756764,47.586935168146724,3288.1693161471894,3288.1693161471894,65731.83504218502,0.47916666666666013,0.47916666666666013,0.7969211618298339,False,False,False,379.25493146545057,391.23569608812653,385.104520656631,112532.44032953537,7.0234924835952264e+16,5.4592427306942106e+17,709.0,796.0,0.8907035175879398,28.937063490823643,4.070439318235244e+16,135.67644293075764,149.45815600278814,315.24059523368567,113034.62373594634,7.054835280125588e+16,2.2857752351744768e+17,596.0,1048.0,0.5687022900763359,40.3138243572825,6.219891635505455e+16,502.18340641097166
BMIM_nitrate_20kHz,BMIM_nitrate,20,Lissajouswaveformsdifferentmediums/ionic liquid/Lissajousfigure20kHz-0006/Lissajousfigure20kHz-0006_64.csv,64,119994.81622405129,19990.404605807908,voltage activity-envelope rising edges,0.00047976970960462496,7.73929644,1,-1,True,7.9047679999999945,58.27862127427746,47.16537220694965,3183.3080203955915,3183.3080203955915,63635.61531262129,0.4791665623330392,0.4791665623330392,0.8132888719401996,False,False,False,357.8614098437114,371.6986498109263,364.584385502955,109223.49501249898,6.8169711241118936e+16,5.2415170550599955e+17,619.0,772.0,0.8018134715025906,28.937063490823643,4.110686922247448e+16,119.97563811255101,319.57070488775884,319.47853936256934,106493.24251152694,6.646567746537034e+16,3.958593834176258e+17,565.0,1005.0,0.5621890547263682,40.3138243572825,5.626608478581764e+16,-2730.252500972041
argon_only_4kHz,argon_only,4,Lissajouswaveformsdifferentmediums/argon/Lissajousfigure4kHz-0004/Lissajousfigure4kHz-0004_01.csv,1,127994.47063898804,3999.7440163866904,voltage activity-envelope rising edges,6.399590332739535e-05,10.10888243,-1,-1,False,7.9047679999999945,16.649846714048458,26.259335317315294,8159.34131689098,8159.34131689098,32635.276609891396,0.4190595024696305,0.4190595024696305,0.7886550096932301,False,False,False,-70.42393452394663,-55.66249674107637,-7.294670579187561,-37655.428710626686,-2.3501900406777964e+16,-8.293012981297608e+16,0.0,1209.0,0.0,7.874016,1.1833824774017972e+16,12.448165694529138,26.197033854935622,-6.271495358425618,-37847.43471728837,-2.362173720589513e+16,3.839617857552695e+16,24.0,1248.0,0.019230769230769232,7.874016,1.1623671936163336e+16,-192.00600666168611
argon_only_4kHz,argon_only,4,Lissajouswaveformsdifferentmediums/argon/Lissajousfigure4kHz-0004/Lissajousfigure4kHz-0004_64.csv,64,127994.47063898804,3999.7440163866904,voltage activity-envelope rising edges,6.399590332739535e-05,9.79269171,-1,-1,False,7.9047679999999945,17.221824384440552,26.039534232732617,7430.521973813975,7430.521973813975,29720.185803392265,0.4203079652160724,0.4203079652160724,0.7824344949674624,False,False,False,-84.87900414375702,-64.56155876512085,-6.098404316732465,-35986.66963526499,-2.2460377021306868e+16,-9.483042537769146e+16,0.0,1209.0,0.0,7.874016,1.170962978353287e+16,9.090302533214256,28.75180673920898,-5.59731836979563,-36133.151039990415,-2.2551800529236028e+16,4.167818510112313e+16,21.0,1248.0,0.016826923076923076,7.874016,1.175803173491909e+16,-146.48140472542582
argon_only_10kHz,argon_only,10,Lissajouswaveformsdifferentmediums/argon/Lissajousfigure10kHz-0005/Lissajousfigure10kHz-0005_01.csv,1,129994.38424272223,10005.603137766497,voltage activity-envelope rising edges,0.000560313776649673,10.26697826,-1,-1,False,7.9047679999999945,22.18647649634072,33.2649799764266,7060.993201703429,7060.993201703429,70649.49573471173,0.43750004382012236,0.43750004382012236,0.6640333542635685,False,False,False,-110.4556330532505,-97.71384387211884,-13.241930632040626,-75624.45997846151,-4.719952972487587e+16,-1.47705252967787e+17,0.0,1234.0,0.0,7.874016,1.2120253273466136e+16,-29.514130196561027,-18.333095629984257,-26.44457920314614,-75989.94691554472,-4.742764125857575e+16,-4.062079507268709e+16,0.0,1239.0,0.0,7.874016,1.7990860446798244e+16,-365.48693708320206
argon_only_10kHz,argon_only,10,Lissajouswaveformsdifferentmediums/argon/Lissajousfigure10kHz-0005/Lissajousfigure10kHz-0005_64.csv,64,129994.38424272223,10005.603137766497,voltage activity-envelope rising edges,0.000560313776649673,9.95140266,-1,-1,False,7.9047679999999945,22.29102944728576,33.527282829069584,7257.3970691168215,7257.3970691168215,72614.63488677265,0.4489583333333204,0.4489583333333204,0.6631016142386589,False,False,False,-115.76176560901095,-105.62479684994267,-11.962217939268498,-77181.58687133265,-4.817138006385887e+16,-1.5782552829024742e+17,0.0,1241.0,0.0,7.874016,1.2076097754509422e+16,-32.513912000630455,-21.468403224857195,-26.78338483535917,-77082.4711855521,-4.810951894434102e+16,-4.846432720096983e+16,0.0,1230.0,0.0,7.874016,1.7892726479784282e+16,99.11568578054721
argon_only_20kHz,argon_only,20,Lissajouswaveformsdifferentmediums/argon/Lissajousfigure1 20 kHz/Lissajousfigure1_01.csv,1,119994.81622405129,19990.404605807908,voltage activity-envelope rising edges,0.00047976970960462496,7.42310524,-1,-1,False,7.9047679999999945,40.984610783790885,52.33418396474424,1770.809740443384,1770.809740443384,35399.20319136893,0.41041666666665694,0.41041666666665694,0.7600108100832875,False,False,False,399.2186095665512,406.53362882073,403.0099908040844,118157.33060765974,7.374559024707864e+16,5.797626281924968e+17,736.0,736.0,1.0,7.874016,1.1313509125980234e+16,370.88178242450687,379.9806104978832,375.70802353816276,98345.24118460798,6.138026157033093e+16,4.4420768935043206e+17,889.0,890.0,0.998876404494382,7.874016,9272938943397950.0,-19812.08942305176
argon_only_20kHz,argon_only,20,Lissajouswaveformsdifferentmediums/argon/Lissajousfigure1 20 kHz/Lissajousfigure1_64.csv,64,119994.81622405129,19990.404605807908,voltage activity-envelope rising edges,0.00047976970960462496,7.265625,-1,-1,False,7.9047679999999945,41.804516272892485,52.782579349554965,1780.1315113710457,1780.1315113710457,35585.54916385555,0.4250000000000089,0.4250000000000089,0.7558037368161739,False,False,False,403.1757990466704,414.28773950911705,408.5758371522472,121137.79334726579,7.560578785658206e+16,5.855945690036049e+17,817.0,817.0,1.0,7.874016,1.1252097286719866e+16,159.20257534244632,378.5144855307929,376.5559132145394,112977.45624669027,7.051267282933665e+16,4.3974385428305504e+17,990.0,994.0,0.9959758551307847,7.874016,9219670542408940.0,-8160.337100575518
pure_water_4kHz,pure_water,4,Lissajouswaveformsdifferentmediums/pure water/Lissajousfigure4kHz-0003/Lissajousfigure4kHz-0003_01.csv,1,127994.47063898804,3999.7440163866904,voltage activity-envelope rising edges,6.399590332739535e-05,9.793306830000002,-1,1,True,7.9047679999999945,20.638094895509358,28.325193099179835,9131.493766504791,9131.493766504791,36523.6375532499,0.39450688220280844,0.39450688220280844,0.805364090573115,False,False,False,-253.86929871381253,-241.67544828088901,-15.952182129346232,-77134.13261347594,-4.8141762415614936e+16,-3.572878038127991e+17,0.0,1209.0,0.0,8.489463646339825,1.2697389914344712e+16,-77.23679736270171,-62.75713200950103,-18.501140882707126,-78002.43648086571,-4.868369731618495e+16,-1.319966754937904e+17,0.0,1248.0,0.0,8.524400696876418,1.8198904361337212e+16,-868.3038673897681
pure_water_4kHz,pure_water,4,Lissajouswaveformsdifferentmediums/pure water/Lissajousfigure4kHz-0003/Lissajousfigure4kHz-0003_64.csv,64,127994.47063898804,3999.7440163866904,voltage activity-envelope rising edges,6.399590332739535e-05,9.793306830000002,-1,1,True,7.9047679999999945,21.247282381856046,28.793257105974632,9135.293902682508,9135.293902682508,36538.837125188176,0.3924261497017376,0.3924261497017376,0.8081945481697532,False,False,False,-264.5859072025859,-248.93978721025465,-16.110995186037332,-76833.48218352065,-4.795411732156054e+16,-3.69308753927689e+17,2.0,1209.0,0.0016542597187758478,8.489463646339825,1.26595660659733e+16,-80.65958890063834,-67.0420598174413,-18.082803761572134,-77662.9325339761,-4.847180255835802e+16,-1.4256954675731342e+17,0.0,1248.0,0.0,8.524400696876418,1.8259648668208724e+16,-829.450350455445
pure_water_10kHz,pure_water,10,Lissajouswaveformsdifferentmediums/pure water/Lissajousfigure10kHz-0002/Lissajousfigure10kHz-0002_01.csv,1,129994.38424272223,10005.603137766497,voltage activity-envelope rising edges,0.000560313776649673,9.16092492,-1,1,True,7.9047679999999945,30.600007164011508,34.09105501461624,7293.174122636002,7293.174122636002,72972.6058857242,0.451041611682856,0.451041611682856,0.6552797326582197,False,False,False,-237.0786349076298,-225.48723204632745,-49.93975848594253,-129912.37369313589,-8.108227080900462e+16,-3.394357395049021e+17,0.0,1188.0,0.0,8.489463646339825,1.2891964756546252e+16,-93.72234037423644,-83.95419370629911,-47.96990282443516,-129018.80085741487,-8.052456477536197e+16,-1.967445628465915e+17,0.0,1204.0,0.0,8.524400696876418,2.001346329512695e+16,893.5728357210173
pure_water_10kHz,pure_water,10,Lissajouswaveformsdifferentmediums/pure water/Lissajousfigure10kHz-0002/Lissajousfigure10kHz-0002_64.csv,64,129994.38424272223,10005.603137766497,voltage activity-envelope rising edges,0.000560313776649673,9.16092492,-1,1,True,7.9047679999999945,30.27981515001601,34.004213420754404,7401.575578324028,7401.575578324028,74057.22783089477,0.4604166126218585,0.4604166126218585,0.6597922997973241,False,False,False,-235.4452326096486,-223.34197178431998,-49.9244624386348,-130388.40492669531,-8.137937640638352e+16,-3.394019257915688e+17,0.0,1185.0,0.0,8.489463646339825,1.293951509011436e+16,-93.54565590809537,-85.13849756216209,-47.96347226019624,-129400.99659841678,-8.076310478269925e+16,-1.957746165337214e+17,0.0,1196.0,0.0,8.524400696876418,2.0012764122978428e+16,987.4083282785286
pure_water_20kHz,pure_water,20,Lissajouswaveformsdifferentmediums/pure water/Lissajousfigure20kHz/Lissajousfigure20kHz_01.csv,1,119994.81622405129,19990.404605807908,voltage activity-envelope rising edges,0.00047976970960462496,10.26697827,-1,1,True,7.9047679999999945,37.78467380793007,38.08133016312474,6260.038028956607,6260.038028956607,125140.69304658682,0.5333333333333368,0.5333333333333368,0.5616904857614603,False,False,False,-186.3581119857183,-170.5345199459183,-83.39654131954657,-180178.46399967402,-1.1245486936048466e+17,-2.66979330327916e+17,0.0,1097.0,0.0,8.489463646339825,1.3365380171776348e+16,-303.82479241032,-289.9589716069609,-80.39494027845436,-176801.20470408778,-1.1034701893013402e+17,-4.047344148201913e+17,0.0,1059.0,0.0,8.524400696876418,1.2016880535240578e+16,3377.2592955862347
pure_water_20kHz,pure_water,20,Lissajouswaveformsdifferentmediums/pure water/Lissajousfigure20kHz/Lissajousfigure20kHz_64.csv,64,119994.81622405129,19990.404605807908,voltage activity-envelope rising edges,0.00047976970960462496,10.26697827,-1,1,True,7.9047679999999945,44.058471136604304,40.111617539961536,6540.923506984954,6540.923506984954,130755.70740026922,0.541666666666645,0.541666666666645,0.5544070131823855,False,False,False,-187.91729171886726,-167.04511664879752,-83.31050832563311,-183303.25845201215,-1.1440514878964378e+17,-2.6394679597557997e+17,0.0,1093.0,0.0,8.489463646339825,1.3417106579437878e+16,-334.63488383902575,-313.42981372112644,-75.52105167981881,-174703.57755069179,-1.0903782590969302e+17,-4.4036315255703814e+17,0.0,982.0,0.0,8.524400696876418,1.2078468744675734e+16,8599.68090132036
