condition,condition_label,material,burst_kHz,polarity,n_captures,n_observations,early_window,late_window,within_capture_statistic,across_capture_statistic,uncertainty,first_quintile_nC,first_quintile_nC_ci_low,first_quintile_nC_ci_high,last_quintile_nC,last_quintile_nC_ci_low,last_quintile_nC_ci_high,absolute_drift_nC,absolute_drift_nC_ci_low,absolute_drift_nC_ci_high,relative_drift_fraction,relative_drift_fraction_ci_low,relative_drift_fraction_ci_high,slope_nC_per_s,slope_nC_per_s_ci_low,slope_nC_per_s_ci_high,relative_drift_percent,relative_drift_percent_ci_low,relative_drift_percent_ci_high,stationarity_status
argon_only_4kHz,"Argon / no liquid, 4 kHz",argon_only,4.0,negative,2,78,first_20_percent_of_each_capture_time_span,last_20_percent_of_each_capture_time_span,median,median,95_percent_circular_moving_block_bootstrap_over_captures,-73.52645491695112,-73.52645491695112,-73.52645491695112,-73.64152556473562,-73.64152556473562,-73.64152556473562,-0.11507064778449916,-0.11507064778449916,-0.11507064778449916,0.0016685456819750602,0.0016685456819750602,0.0016685456819750602,125.8170134074633,125.8170134074633,125.8170134074633,0.16685456819750602,0.16685456819750602,0.16685456819750602,decrease_detected_first_to_last_quintile
argon_only_4kHz,"Argon / no liquid, 4 kHz",argon_only,4.0,positive,2,78,first_20_percent_of_each_capture_time_span,last_20_percent_of_each_capture_time_span,median,median,95_percent_circular_moving_block_bootstrap_over_captures,13.039896247911766,13.039896247911766,13.039896247911766,8.760529330291337,8.760529330291337,8.760529330291337,-4.279366917620429,-4.279366917620429,-4.279366917620429,-0.3490972995986555,-0.3490972995986555,-0.3490972995986555,-28.257665549501425,-28.257665549501425,-28.257665549501425,-34.90972995986555,-34.90972995986555,-34.90972995986555,decrease_detected_first_to_last_quintile
argon_only_10kHz,"Argon / no liquid, 10 kHz",argon_only,10.0,negative,2,198,first_20_percent_of_each_capture_time_span,last_20_percent_of_each_capture_time_span,median,median,95_percent_circular_moving_block_bootstrap_over_captures,-112.56258532580054,-112.56258532580054,-112.56258532580054,-114.72012490287483,-114.72012490287483,-114.72012490287483,-2.1575395770742958,-2.1575395770742958,-2.1575395770742958,-0.018853331569057188,-0.018853331569057188,-0.018853331569057188,-115.64894749735936,-115.64894749735936,-115.64894749735936,-1.8853331569057188,-1.8853331569057188,-1.8853331569057188,decrease_detected_first_to_last_quintile
argon_only_10kHz,"Argon / no liquid, 10 kHz",argon_only,10.0,positive,2,198,first_20_percent_of_each_capture_time_span,last_20_percent_of_each_capture_time_span,median,median,95_percent_circular_moving_block_bootstrap_over_captures,-29.061181152718603,-29.061181152718603,-29.061181152718603,-30.6814542014697,-30.6814542014697,-30.6814542014697,-1.6202730487510948,-1.6202730487510948,-1.6202730487510948,-0.05463680822050733,-0.05463680822050733,-0.05463680822050733,-83.55637460730826,-83.55637460730826,-83.55637460730826,-5.463680822050733,-5.463680822050733,-5.463680822050733,decrease_detected_first_to_last_quintile
argon_only_20kHz,"Argon / no liquid, 20 kHz",argon_only,20.0,negative,2,397,first_20_percent_of_each_capture_time_span,last_20_percent_of_each_capture_time_span,median,median,95_percent_circular_moving_block_bootstrap_over_captures,401.9124133475101,401.9124133475101,401.9124133475101,402.65672776914937,402.65672776914937,402.65672776914937,0.7443144216392739,0.7443144216392739,0.7443144216392739,0.0018328416917252311,0.0018328416917252311,0.0018328416917252311,89.3335887549006,89.3335887549006,89.3335887549006,0.1832841691725231,0.1832841691725231,0.1832841691725231,increase_detected_first_to_last_quintile
argon_only_20kHz,"Argon / no liquid, 20 kHz",argon_only,20.0,positive,2,397,first_20_percent_of_each_capture_time_span,last_20_percent_of_each_capture_time_span,median,median,95_percent_circular_moving_block_bootstrap_over_captures,267.8352190302131,267.8352190302131,267.8352190302131,368.7715800983142,368.7715800983142,368.7715800983142,100.93636106810101,100.93636106810101,100.93636106810101,0.6376416130950417,0.6376416130950417,0.6376416130950417,674.3316063482939,674.3316063482939,674.3316063482939,63.764161309504175,63.764161309504175,63.764161309504175,increase_detected_first_to_last_quintile
pure_water_4kHz,"Pure water, 4 kHz",pure_water,4.0,negative,2,78,first_20_percent_of_each_capture_time_span,last_20_percent_of_each_capture_time_span,median,median,95_percent_circular_moving_block_bootstrap_over_captures,-254.80110795001556,-254.80110795001556,-254.80110795001556,-260.4472656393553,-260.4472656393553,-260.4472656393553,-5.646157689339745,-5.646157689339745,-5.646157689339745,-0.021939506706936396,-0.021939506706936396,-0.021939506706936396,-164.83678366760284,-164.83678366760284,-164.83678366760284,-2.1939506706936394,-2.1939506706936394,-2.1939506706936394,decrease_detected_first_to_last_quintile
pure_water_4kHz,"Pure water, 4 kHz",pure_water,4.0,positive,2,78,first_20_percent_of_each_capture_time_span,last_20_percent_of_each_capture_time_span,median,median,95_percent_circular_moving_block_bootstrap_over_captures,-73.39711766000241,-73.39711766000241,-73.39711766000241,-79.69809986281302,-79.69809986281302,-79.69809986281302,-6.300982202810609,-6.300982202810609,-6.300982202810609,-0.08012096982374464,-0.08012096982374464,-0.08012096982374464,-71.7563709008829,-71.7563709008829,-71.7563709008829,-8.012096982374464,-8.012096982374464,-8.012096982374464,decrease_detected_first_to_last_quintile
pure_water_10kHz,"Pure water, 10 kHz",pure_water,10.0,negative,2,198,first_20_percent_of_each_capture_time_span,last_20_percent_of_each_capture_time_span,median,median,95_percent_circular_moving_block_bootstrap_over_captures,-234.81692155667082,-234.81692155667082,-234.81692155667082,-237.4457075592076,-237.4457075592076,-237.4457075592076,-2.6287860025367564,-2.6287860025367564,-2.6287860025367564,-0.011123427072185966,-0.011123427072185966,-0.011123427072185966,-169.3918876691455,-169.3918876691455,-169.3918876691455,-1.1123427072185965,-1.1123427072185965,-1.1123427072185965,decrease_detected_first_to_last_quintile
pure_water_10kHz,"Pure water, 10 kHz",pure_water,10.0,positive,2,198,first_20_percent_of_each_capture_time_span,last_20_percent_of_each_capture_time_span,median,median,95_percent_circular_moving_block_bootstrap_over_captures,-93.10216406166836,-93.10216406166836,-93.10216406166836,-93.64587252171287,-93.64587252171287,-93.64587252171287,-0.5437084600445203,-0.5437084600445203,-0.5437084600445203,-0.005813697611462929,-0.005813697611462929,-0.005813697611462929,-146.36508479129293,-146.36508479129293,-146.36508479129293,-0.5813697611462929,-0.5813697611462929,-0.5813697611462929,decrease_detected_first_to_last_quintile
pure_water_20kHz,"Pure water, 20 kHz",pure_water,20.0,negative,2,398,first_20_percent_of_each_capture_time_span,last_20_percent_of_each_capture_time_span,median,median,95_percent_circular_moving_block_bootstrap_over_captures,-182.86371280342468,-182.86371280342468,-182.86371280342468,-186.99023488373575,-186.99023488373575,-186.99023488373575,-4.1265220803110765,-4.1265220803110765,-4.1265220803110765,-0.021973196021486088,-0.021973196021486088,-0.021973196021486088,-149.61154784260543,-149.61154784260543,-149.61154784260543,-2.1973196021486086,-2.1973196021486086,-2.1973196021486086,decrease_detected_first_to_last_quintile
pure_water_20kHz,"Pure water, 20 kHz",pure_water,20.0,positive,2,398,first_20_percent_of_each_capture_time_span,last_20_percent_of_each_capture_time_span,median,median,95_percent_circular_moving_block_bootstrap_over_captures,-315.82785449734297,-315.82785449734297,-315.82785449734297,-319.6719807701834,-319.6719807701834,-319.6719807701834,-3.8441262728404695,-3.8441262728404695,-3.8441262728404695,-0.011287096462982975,-0.011287096462982975,-0.011287096462982975,-201.63349062598445,-201.63349062598445,-201.63349062598445,-1.1287096462982975,-1.1287096462982975,-1.1287096462982975,decrease_detected_first_to_last_quintile
BMIM_nitrate_4kHz,"BMIM nitrate, 4 kHz",BMIM_nitrate,4.0,negative,2,78,first_20_percent_of_each_capture_time_span,last_20_percent_of_each_capture_time_span,median,median,95_percent_circular_moving_block_bootstrap_over_captures,312.3411676114641,312.3411676114641,312.3411676114641,319.7966480857582,319.7966480857582,319.7966480857582,7.4554804742941485,7.4554804742941485,7.4554804742941485,0.023851198785178353,0.023851198785178353,0.023851198785178353,731.8808779927865,731.8808779927865,731.8808779927865,2.3851198785178354,2.3851198785178354,2.3851198785178354,increase_detected_first_to_last_quintile
BMIM_nitrate_4kHz,"BMIM nitrate, 4 kHz",BMIM_nitrate,4.0,positive,2,78,first_20_percent_of_each_capture_time_span,last_20_percent_of_each_capture_time_span,median,median,95_percent_circular_moving_block_bootstrap_over_captures,78.45495777878979,78.45495777878979,78.45495777878979,84.67909180095725,84.67909180095725,84.67909180095725,6.224134022167469,6.224134022167469,6.224134022167469,0.07990674771233124,0.07990674771233124,0.07990674771233124,852.1159793636009,852.1159793636009,852.1159793636009,7.990674771233124,7.990674771233124,7.990674771233124,increase_detected_first_to_last_quintile
BMIM_nitrate_10kHz,"BMIM nitrate, 10 kHz",BMIM_nitrate,10.0,negative,2,198,first_20_percent_of_each_capture_time_span,last_20_percent_of_each_capture_time_span,median,median,95_percent_circular_moving_block_bootstrap_over_captures,310.18003887204736,310.18003887204736,310.18003887204736,318.36265793566713,318.36265793566713,318.36265793566713,8.18261906361974,8.18261906361974,8.18261906361974,0.026097566288500035,0.026097566288500035,0.026097566288500035,1028.93613521337,1028.93613521337,1028.93613521337,2.6097566288500036,2.6097566288500036,2.6097566288500036,increase_detected_first_to_last_quintile
BMIM_nitrate_10kHz,"BMIM nitrate, 10 kHz",BMIM_nitrate,10.0,positive,2,198,first_20_percent_of_each_capture_time_span,last_20_percent_of_each_capture_time_span,median,median,95_percent_circular_moving_block_bootstrap_over_captures,136.37603601983307,136.37603601983307,136.37603601983307,333.2844951604694,333.2844951604694,333.2844951604694,196.90845914063635,196.90845914063635,196.90845914063635,0.599573769781062,0.599573769781062,0.599573769781062,17207.27911408017,17207.27911408017,17207.27911408017,59.957376978106204,59.957376978106204,59.957376978106204,increase_detected_first_to_last_quintile
BMIM_nitrate_20kHz,"BMIM nitrate, 20 kHz",BMIM_nitrate,20.0,negative,2,398,first_20_percent_of_each_capture_time_span,last_20_percent_of_each_capture_time_span,median,median,95_percent_circular_moving_block_bootstrap_over_captures,362.0376096930556,362.0376096930556,362.0376096930556,365.43288747549093,365.43288747549093,365.43288747549093,3.395277782435329,3.395277782435329,3.395277782435329,0.007956387451677194,0.007956387451677194,0.007956387451677194,-29.273648781413044,-29.273648781413044,-29.273648781413044,0.7956387451677195,0.7956387451677195,0.7956387451677195,increase_detected_first_to_last_quintile
BMIM_nitrate_20kHz,"BMIM nitrate, 20 kHz",BMIM_nitrate,20.0,positive,2,398,first_20_percent_of_each_capture_time_span,last_20_percent_of_each_capture_time_span,median,median,95_percent_circular_moving_block_bootstrap_over_captures,120.61964614265098,120.61964614265098,120.61964614265098,225.46429324363996,225.46429324363996,225.46429324363996,104.844647100989,104.844647100989,104.844647100989,0.8656541315430515,0.8656541315430515,0.8656541315430515,8387.178474896975,8387.178474896975,8387.178474896975,86.56541315430515,86.56541315430515,86.56541315430515,increase_detected_first_to_last_quintile
5mM_Mn_nitrate_in_water_4kHz,"5 mM Mn nitrate, 4 kHz",5mM_Mn_nitrate_in_water,4.0,negative,2,78,first_20_percent_of_each_capture_time_span,last_20_percent_of_each_capture_time_span,median,median,95_percent_circular_moving_block_bootstrap_over_captures,226.3928622085512,226.3928622085512,226.3928622085512,225.00157180174136,225.00157180174136,225.00157180174136,-1.3912904068098442,-1.3912904068098442,-1.3912904068098442,-0.005931135818446473,-0.005931135818446473,-0.005931135818446473,-197.56362955259743,-197.56362955259743,-197.56362955259743,-0.5931135818446472,-0.5931135818446472,-0.5931135818446472,decrease_detected_first_to_last_quintile
5mM_Mn_nitrate_in_water_4kHz,"5 mM Mn nitrate, 4 kHz",5mM_Mn_nitrate_in_water,4.0,positive,2,78,first_20_percent_of_each_capture_time_span,last_20_percent_of_each_capture_time_span,median,median,95_percent_circular_moving_block_bootstrap_over_captures,20.51722468726356,20.51722468726356,20.51722468726356,18.580174304920337,18.580174304920337,18.580174304920337,-1.937050382343223,-1.937050382343223,-1.937050382343223,-0.06660507129836105,-0.06660507129836105,-0.06660507129836105,-36.40799955643794,-36.40799955643794,-36.40799955643794,-6.6605071298361045,-6.6605071298361045,-6.6605071298361045,decrease_detected_first_to_last_quintile
5mM_Mn_nitrate_in_water_10kHz,"5 mM Mn nitrate, 10 kHz",5mM_Mn_nitrate_in_water,10.0,negative,2,199,first_20_percent_of_each_capture_time_span,last_20_percent_of_each_capture_time_span,median,median,95_percent_circular_moving_block_bootstrap_over_captures,128.98778974859428,128.98778974859428,128.98778974859428,125.96912934875252,125.96912934875252,125.96912934875252,-3.018660399841771,-3.018660399841771,-3.018660399841771,-0.023055858894059755,-0.023055858894059755,-0.023055858894059755,-326.6361499953912,-326.6361499953912,-326.6361499953912,-2.3055858894059753,-2.3055858894059753,-2.3055858894059753,decrease_detected_first_to_last_quintile
5mM_Mn_nitrate_in_water_10kHz,"5 mM Mn nitrate, 10 kHz",5mM_Mn_nitrate_in_water,10.0,positive,2,199,first_20_percent_of_each_capture_time_span,last_20_percent_of_each_capture_time_span,median,median,95_percent_circular_moving_block_bootstrap_over_captures,206.98336015719974,206.98336015719974,206.98336015719974,200.56686691105227,200.56686691105227,200.56686691105227,-6.416493246147468,-6.416493246147468,-6.416493246147468,-0.03133965098882858,-0.03133965098882858,-0.03133965098882858,-2143.7088622887813,-2143.7088622887813,-2143.7088622887813,-3.133965098882858,-3.133965098882858,-3.133965098882858,decrease_detected_first_to_last_quintile
5mM_Mn_nitrate_in_water_20kHz,"5 mM Mn nitrate, 20 kHz",5mM_Mn_nitrate_in_water,20.0,negative,2,398,first_20_percent_of_each_capture_time_span,last_20_percent_of_each_capture_time_span,median,median,95_percent_circular_moving_block_bootstrap_over_captures,292.5269680848225,292.5269680848225,292.5269680848225,288.63053068414416,288.63053068414416,288.63053068414416,-3.8964374006783373,-3.8964374006783373,-3.8964374006783373,-0.013461556573775351,-0.013461556573775351,-0.013461556573775351,-448.6285452361945,-448.6285452361945,-448.6285452361945,-1.346155657377535,-1.346155657377535,-1.346155657377535,decrease_detected_first_to_last_quintile
5mM_Mn_nitrate_in_water_20kHz,"5 mM Mn nitrate, 20 kHz",5mM_Mn_nitrate_in_water,20.0,positive,2,398,first_20_percent_of_each_capture_time_span,last_20_percent_of_each_capture_time_span,median,median,95_percent_circular_moving_block_bootstrap_over_captures,79.07770291986,79.07770291986,79.07770291986,75.84834308002021,75.84834308002021,75.84834308002021,-3.2293598398397876,-3.2293598398397876,-3.2293598398397876,-0.0415398850138313,-0.0415398850138313,-0.0415398850138313,-459.5378395695704,-459.5378395695704,-459.5378395695704,-4.153988501383131,-4.153988501383131,-4.153988501383131,decrease_detected_first_to_last_quintile
