material,burst_kHz,route,scan_source,extrapolated_across_burst_frequency,calibration_valid,model_identifiable,reported_status,rate_status,rate_reason,rate_factor_lower,rate_factor_upper_apparent,rate_lower_F1_status,rate_lower_F1_files_analyzed,rate_lower_F1_results_negative_charge_per_active_half_cycle_median_nC,rate_lower_F1_results_negative_charge_per_half_cycle_p95_nC,rate_lower_F1_results_negative_corrected_charge_total_nC,rate_lower_F1_results_negative_half_cycle_average_equivalent_rate_p95_per_s,rate_lower_F1_results_negative_half_cycles,rate_lower_F1_results_negative_record_average_equivalent_rate_per_s,rate_lower_F1_results_polarity_charge_imbalance_nC,rate_lower_F1_results_positive_charge_per_active_half_cycle_median_nC,rate_lower_F1_results_positive_charge_per_half_cycle_p95_nC,rate_lower_F1_results_positive_corrected_charge_total_nC,rate_lower_F1_results_positive_half_cycle_average_equivalent_rate_p95_per_s,rate_lower_F1_results_positive_half_cycles,rate_lower_F1_results_positive_record_average_equivalent_rate_per_s,rate_lower_F1_retained_charge_status,rate_upper_Fapp_status,rate_upper_Fapp_files_analyzed,rate_upper_Fapp_results_negative_charge_per_active_half_cycle_median_nC,rate_upper_Fapp_results_negative_charge_per_half_cycle_p95_nC,rate_upper_Fapp_results_negative_corrected_charge_total_nC,rate_upper_Fapp_results_negative_half_cycle_average_equivalent_rate_p95_per_s,rate_upper_Fapp_results_negative_half_cycles,rate_upper_Fapp_results_negative_record_average_equivalent_rate_per_s,rate_upper_Fapp_results_polarity_charge_imbalance_nC,rate_upper_Fapp_results_positive_charge_per_active_half_cycle_median_nC,rate_upper_Fapp_results_positive_charge_per_half_cycle_p95_nC,rate_upper_Fapp_results_positive_corrected_charge_total_nC,rate_upper_Fapp_results_positive_half_cycle_average_equivalent_rate_p95_per_s,rate_upper_Fapp_results_positive_half_cycles,rate_upper_Fapp_results_positive_record_average_equivalent_rate_per_s,rate_upper_Fapp_retained_charge_status,rate_files_analyzed,rate_results_negative_charge_per_active_half_cycle_median_nC,rate_results_negative_charge_per_half_cycle_p95_nC,rate_results_negative_corrected_charge_total_nC,rate_results_negative_half_cycle_average_equivalent_rate_p95_per_s,rate_results_negative_half_cycles,rate_results_negative_record_average_equivalent_rate_per_s,rate_results_polarity_charge_imbalance_nC,rate_results_positive_charge_per_active_half_cycle_median_nC,rate_results_positive_charge_per_half_cycle_p95_nC,rate_results_positive_corrected_charge_total_nC,rate_results_positive_half_cycle_average_equivalent_rate_p95_per_s,rate_results_positive_half_cycles,rate_results_positive_record_average_equivalent_rate_per_s,rate_retained_charge_status
5mM_Mn_nitrate_in_water,4,monitor,5mM_Mn_nitrate_in_water_20kHz,True,True,False,provisional_not_for_absolute_reporting,not_identifiable,Cd is not safely greater than Ccell.,,,,,,,,,,,,,,,,,,,,,,,,,,,,,,,,,,,,,,,,,,,,,,,,,
5mM_Mn_nitrate_in_water,4,current,5mM_Mn_nitrate_in_water_20kHz,True,False,True,provisional_not_for_absolute_reporting,sensitivity_range,Pearson passive/active slopes include an unmeasured parallel capacitance; the physical correction factor cannot be isolated.,1.0,2.1784148597935387,provisional,16,36.472941550931814,428.12586227793247,90509.37973544575,5.721469089895405e+17,1244.5,5.648966168379847e+16,-138433.87665508915,-29.03485051119581,-17.374783295476995,-47951.50982064048,-3.075411280161876e+16,599.0,-2.992799834572837e+16,Unavailable: records do not contain quiet pre- and post-burst windows. Polarity imbalance is not the same as retained surface charge.,provisional,16,79.45319785493106,932.6357402481701,197166.97776639118,1.2463733285277563e+18,1244.5,1.2305791843669629e+17,-301566.4140042721,-63.24994980547298,-37.84948611655964,-104458.28154281905,-6.699521632681301e+16,599.0,-6.519559632021114e+16,Unavailable: records do not contain quiet pre- and post-burst windows. Polarity imbalance is not the same as retained surface charge.,,,,,,,,,,,,,,,
5mM_Mn_nitrate_in_water,10,monitor,5mM_Mn_nitrate_in_water_20kHz,True,True,False,provisional_not_for_absolute_reporting,not_identifiable,Cd is not safely greater than Ccell.,,,,,,,,,,,,,,,,,,,,,,,,,,,,,,,,,,,,,,,,,,,,,,,,,
5mM_Mn_nitrate_in_water,10,current,5mM_Mn_nitrate_in_water_20kHz,True,False,True,provisional_not_for_absolute_reporting,sensitivity_range,Pearson passive/active slopes include an unmeasured parallel capacitance; the physical correction factor cannot be isolated.,1.0,2.1784148597935387,provisional,16,133.29658362748245,650.4092215488752,100202.31301561803,8.614769192445801e+17,1200.0,6.253931668442963e+16,-109441.45270850314,26.639159059926776,34.09297127856392,-10417.16212096515,5.632392592188827e+16,1126.0,-6501668287183560.0,Unavailable: records do not contain quiet pre- and post-burst windows. Polarity imbalance is not the same as retained surface charge.,provisional,16,290.3752585338199,1416.8611131688176,218282.20765890583,1.8766541222515512e+18,1200.0,1.3623657678669549e+17,-238408.88685759506,58.03113994854816,74.26863524773796,-22692.90076118886,1.226968771901519e+17,1126.0,-1.4163330810249072e+16,Unavailable: records do not contain quiet pre- and post-burst windows. Polarity imbalance is not the same as retained surface charge.,,,,,,,,,,,,,,,
5mM_Mn_nitrate_in_water,20,monitor,5mM_Mn_nitrate_in_water_20kHz,False,True,False,provisional_not_for_absolute_reporting,not_identifiable,Cd is not safely greater than Ccell.,,,,,,,,,,,,,,,,,,,,,,,,,,,,,,,,,,,,,,,,,,,,,,,,,
5mM_Mn_nitrate_in_water,20,current,5mM_Mn_nitrate_in_water_20kHz,False,False,True,provisional_not_for_absolute_reporting,sensitivity_range,Pearson passive/active slopes include an unmeasured parallel capacitance; the physical correction factor cannot be isolated.,1.0,2.1784148597935387,provisional,16,404.6291072586667,769.4737493397577,311769.73538839666,1.0902281412350444e+18,956.0,1.9458499137676326e+17,-664083.8359751443,-232.7701780236998,-171.8429454004049,-352953.58787783084,-1.9935207051536448e+17,1199.5,-2.2028908857380214e+17,Unavailable: records do not contain quiet pre- and post-burst windows. Polarity imbalance is not the same as retained surface charge.,provisional,16,881.4500599572731,1676.2330497827766,679163.8244039827,2.3749691834315095e+18,956.0,4.238868367079386e+17,-1446650.0964369494,-507.07001472361503,-374.34522581093177,-768879.3406505114,-4.3427151274127936e+17,1199.5,-4.7988102399954566e+17,Unavailable: records do not contain quiet pre- and post-burst windows. Polarity imbalance is not the same as retained surface charge.,,,,,,,,,,,,,,,
BMIM_nitrate,4,monitor,BMIM_nitrate_20kHz,True,True,False,provisional_not_for_absolute_reporting,not_identifiable,Cd is not safely greater than Ccell.,,,,,,,,,,,,,,,,,,,,,,,,,,,,,,,,,,,,,,,,,,,,,,,,,
BMIM_nitrate,4,current,BMIM_nitrate_20kHz,True,False,True,provisional_not_for_absolute_reporting,sensitivity_range,Pearson passive/active slopes include an unmeasured parallel capacitance; the physical correction factor cannot be isolated.,1.0,1.5362058745480325,provisional,16,-79.19910777795654,-64.76246765053861,-120820.06304438833,-9.481122534910312e+16,1269.0,-7.540748269341885e+16,188730.41408932646,41.301171982417756,306.42702933092704,67924.37489487226,4.6621069240899936e+17,1011.5,4.239367200515853e+16,Unavailable: records do not contain quiet pre- and post-burst windows. Polarity imbalance is not the same as retained surface charge.,provisional,16,-121.6661346274596,-99.48848325498432,-185604.49061205302,-1.4564956135438957e+17,1269.0,-1.1584141789850914e+17,289928.7708299061,63.447103025108774,470.7350025784724,104345.82373850567,7.161956044558107e+17,1011.5,6.5125407977987e+16,Unavailable: records do not contain quiet pre- and post-burst windows. Polarity imbalance is not the same as retained surface charge.,,,,,,,,,,,,,,,
BMIM_nitrate,10,monitor,BMIM_nitrate_20kHz,True,True,False,provisional_not_for_absolute_reporting,not_identifiable,Cd is not safely greater than Ccell.,,,,,,,,,,,,,,,,,,,,,,,,,,,,,,,,,,,,,,,,,,,,,,,,,
BMIM_nitrate,10,current,BMIM_nitrate_20kHz,True,False,True,provisional_not_for_absolute_reporting,sensitivity_range,Pearson passive/active slopes include an unmeasured parallel capacitance; the physical correction factor cannot be isolated.,1.0,1.5362058745480325,provisional,16,-11.941962292644236,-3.2096793638771066,-56678.456479228975,-5976537961858098.0,1199.0,-3.537475166253577e+16,69653.83374676006,95.05687905080009,242.67603456975587,15679.524854843881,3.4680978559029325e+17,1165.0,9786069211851706.0,Unavailable: records do not contain quiet pre- and post-burst windows. Polarity imbalance is not the same as retained surface charge.,provisional,16,-18.345312627591163,-4.930728294203602,-87069.77780370656,-9181192726465740.0,1199.0,-5.434290131466523e+16,107002.62858656481,146.02693601404087,372.8003499180804,24086.978192133058,5.3277122997455194e+17,1165.0,1.5033417011980224e+16,Unavailable: records do not contain quiet pre- and post-burst windows. Polarity imbalance is not the same as retained surface charge.,,,,,,,,,,,,,,,
BMIM_nitrate,20,monitor,BMIM_nitrate_20kHz,False,True,False,provisional_not_for_absolute_reporting,not_identifiable,Cd is not safely greater than Ccell.,,,,,,,,,,,,,,,,,,,,,,,,,,,,,,,,,,,,,,,,,,,,,,,,,
BMIM_nitrate,20,current,BMIM_nitrate_20kHz,False,False,True,provisional_not_for_absolute_reporting,sensitivity_range,Pearson passive/active slopes include an unmeasured parallel capacitance; the physical correction factor cannot be isolated.,1.0,1.5362058745480325,provisional,16,-121.3782393546891,-46.112433759880346,-119729.7797248908,-9.541005948689306e+16,800.0,-7.47270036531478e+16,320114.70132727874,154.12806643016944,336.3204070863105,199575.20567638872,4.210794839999359e+17,1198.5,1.2456096685323477e+17,Unavailable: records do not contain quiet pre- and post-burst windows. Polarity imbalance is not the same as retained surface charge.,provisional,16,-186.46196433897057,-70.8381916316352,-183929.59097171915,-1.4656949387474237e+17,800.0,-1.1479606199933794e+17,491762.08470815443,236.77244108275573,516.657385096376,306588.6033742002,6.468647769723557e+17,1198.5,1.9135128901932202e+17,Unavailable: records do not contain quiet pre- and post-burst windows. Polarity imbalance is not the same as retained surface charge.,,,,,,,,,,,,,,,
argon_only,4,monitor,argon_only_4kHz,False,False,True,provisional_not_for_absolute_reporting,provisional,,,,,,,,,,,,,,,,,,,,,,,,,,,,,,,,,,,,16,4.675917389418344,0.1279958690316602,-19493.405399951553,210536656010402.3,1280.0,-1.2166428267733952e+16,19269.018569110478,6.029043643964934,9.971751028640508,347.56942310459925,1.5836789067073628e+16,1279.5,216928667285105.97,Unavailable: records do not contain quiet pre- and post-burst windows. Polarity imbalance is not the same as retained surface charge.
argon_only,4,current,argon_only_4kHz,False,False,True,provisional_not_for_absolute_reporting,sensitivity_range,Pearson passive/active slopes include an unmeasured parallel capacitance; the physical correction factor cannot be isolated.,1.0,5.254618602248461,provisional,16,116.87030695990273,185.3882292920443,154718.61146994925,2.8025032198775843e+17,1280.0,9.656459964338581e+16,-295303.0017104848,27.74208765213947,-49.708641970522166,-139197.9403124246,-7.326909609691298e+16,1279.5,-8.687767586425072e+16,Unavailable: records do not contain quiet pre- and post-burst windows. Polarity imbalance is not the same as retained surface charge.,provisional,16,614.1088890019927,974.1444382758789,812987.2939440473,1.4726085552029962e+18,1280.0,5.074101416048101e+17,-1551704.6460877229,145.7740898421394,-261.19995479081433,-731432.0865603373,-3.85001155320769e+17,1279.5,-4.565090517164041e+17,Unavailable: records do not contain quiet pre- and post-burst windows. Polarity imbalance is not the same as retained surface charge.,,,,,,,,,,,,,,,
argon_only,10,monitor,argon_only_10kHz,False,False,True,provisional_not_for_absolute_reporting,provisional,,,,,,,,,,,,,,,,,,,,,,,,,,,,,,,,,,,,16,-40.640611996013945,-22.95382959925744,-68501.0212570322,-3.654810673460732e+16,1300.0,-4.275357457000674e+16,-28541.404474927087,3.597727262603572,-13.884938816496772,-97600.88691310238,-3.131526736593952e+16,1300.0,-6.091568738925549e+16,Unavailable: records do not contain quiet pre- and post-burst windows. Polarity imbalance is not the same as retained surface charge.
argon_only,10,current,argon_only_10kHz,False,False,True,provisional_not_for_absolute_reporting,sensitivity_range,Pearson passive/active slopes include an unmeasured parallel capacitance; the physical correction factor cannot be isolated.,1.0,7.5366409242159005,provisional,16,124.38216912854361,417.26149317724753,20393.41269046385,6.302128651478748e+17,1300.0,1.272815024066756e+16,37260.569727867696,100.72910692895607,145.4216689875591,57653.98241833155,2.3922257620250778e+17,1300.0,3.598360712508285e+16,Unavailable: records do not contain quiet pre- and post-burst windows. Polarity imbalance is not the same as retained surface charge.,provisional,16,937.4237460969254,3144.750045579078,153697.82866737375,4.749688070440829e+18,1300.0,9.592749799338362e+16,280819.5346706477,759.1591095404898,1095.9909017594161,434517.3633380215,1.802934657804177e+18,1300.0,2.711955260598062e+17,Unavailable: records do not contain quiet pre- and post-burst windows. Polarity imbalance is not the same as retained surface charge.,,,,,,,,,,,,,,,
argon_only,20,monitor,argon_only_20kHz,False,False,False,provisional_not_for_absolute_reporting,provisional,,,,,,,,,,,,,,,,,,,,,,,,,,,,,,,,,,,,16,91.1575567306661,261.0661226516287,70357.6278925215,3.701479939720275e+17,805.5,4.39123393414066e+16,-54739.37587982927,214.42813770265306,217.0359347464782,15738.544440499685,2.5432480034385648e+17,1066.0,9822905133566774.0,Unavailable: records do not contain quiet pre- and post-burst windows. Polarity imbalance is not the same as retained surface charge.
argon_only,20,current,argon_only_20kHz,False,False,True,provisional_not_for_absolute_reporting,sensitivity_range,Pearson passive/active slopes include an unmeasured parallel capacitance; the physical correction factor cannot be isolated.,1.0,1.5669603747998393,provisional,16,162.42797178639924,619.9947171125207,161889.65525457717,8.791238825079747e+17,805.5,1.0104026656870774e+17,-205099.10704054113,79.424664456689,82.48641139931391,-43518.33708954425,9.633070367661526e+16,1066.0,-2.7161120166942296e+16,Unavailable: records do not contain quiet pre- and post-burst windows. Polarity imbalance is not the same as retained surface charge.,provisional,16,254.51819554839392,971.5071543005556,253674.674873929,1.377552288430186e+18,805.5,1.5832609397237792e+17,-321382.17363935866,124.45530198540487,129.25293812216262,-68191.509796498,1.509463955378413e+17,1066.0,-4.256039903677537e+16,Unavailable: records do not contain quiet pre- and post-burst windows. Polarity imbalance is not the same as retained surface charge.,,,,,,,,,,,,,,,
pure_water,4,monitor,pure_water_4kHz,False,False,False,provisional_not_for_absolute_reporting,not_identifiable,Cd is not safely greater than Ccell.,,,,,,,,,,,,,,,,,,,,,,,,,,,,,,,,,,,,,,,,,,,,,,,,,
pure_water,4,current,pure_water_4kHz,False,False,True,provisional_not_for_absolute_reporting,sensitivity_range,Pearson passive/active slopes include an unmeasured parallel capacitance; the physical correction factor cannot be isolated.,1.0,2.3302742638300753,provisional,16,101.27651867127352,115.39444437668553,116691.59436189706,1.7652898100363034e+17,1280.0,7.283077959559886e+16,-209001.61565719574,106.88190166802407,105.8536447842661,-92134.78465492674,1.6191204502903853e+17,1280.0,-5.750412641959762e+16,Unavailable: records do not contain quiet pre- and post-burst windows. Polarity imbalance is not the same as retained surface charge.,provisional,16,236.00206498997477,268.9007039199614,271923.4191468274,4.113609412529081e+17,1280.0,1.697156913063046e+17,-487031.08606486814,249.06414472621327,246.66802417338596,-214699.31748490196,3.7729947153526483e+17,1280.0,-1.3400038585961942e+17,Unavailable: records do not contain quiet pre- and post-burst windows. Polarity imbalance is not the same as retained surface charge.,,,,,,,,,,,,,,,
pure_water,10,monitor,pure_water_4kHz,True,False,False,provisional_not_for_absolute_reporting,not_identifiable,Cd is not safely greater than Ccell.,,,,,,,,,,,,,,,,,,,,,,,,,,,,,,,,,,,,,,,,,,,,,,,,,
pure_water,10,current,pure_water_4kHz,True,False,True,provisional_not_for_absolute_reporting,sensitivity_range,Pearson passive/active slopes include an unmeasured parallel capacitance; the physical correction factor cannot be isolated.,1.0,2.3302742638300753,provisional,16,-329.108604442545,-304.7516044685407,-395434.3415941522,-4.96879881211232e+17,1200.0,-2.4680262134269334e+17,868914.5933795569,361.1220716748179,506.20119131674966,470034.4395055871,8.621500989753976e+17,1300.0,2.93362815489564e+17,Unavailable: records do not contain quiet pre- and post-burst windows. Polarity imbalance is not the same as retained surface charge.,provisional,16,-766.9133109374951,-710.1548207539629,-921470.4692514437,-1.157866399401479e+18,1200.0,-5.751177967606776e+17,2024809.3144187562,841.5134697248279,1179.5876084455458,1095309.157493664,2.0090461872009216e+18,1300.0,6.83615818900062e+17,Unavailable: records do not contain quiet pre- and post-burst windows. Polarity imbalance is not the same as retained surface charge.,,,,,,,,,,,,,,,
pure_water,20,monitor,pure_water_4kHz,True,False,False,provisional_not_for_absolute_reporting,not_identifiable,Cd is not safely greater than Ccell.,,,,,,,,,,,,,,,,,,,,,,,,,,,,,,,,,,,,,,,,,,,,,,,,,
pure_water,20,current,pure_water_4kHz,True,False,True,provisional_not_for_absolute_reporting,sensitivity_range,Pearson passive/active slopes include an unmeasured parallel capacitance; the physical correction factor cannot be isolated.,1.0,2.3302742638300753,provisional,16,335.9204913365853,376.2360223839845,400137.71518819395,6.05836849410171e+17,1200.0,2.4973814011297472e+17,-780427.4772686304,-339.3386051589636,-177.2582229532115,-380842.9601319744,-2.4742878738236102e+17,1159.5,-2.3769569557757434e+17,Unavailable: records do not contain quiet pre- and post-burst windows. Polarity imbalance is not the same as retained surface charge.,provisional,16,782.7868756547985,876.7331200871952,932430.619690817,1.4117660182604183e+18,1200.0,5.819583606020544e+17,-1818610.0650649206,-790.7520183259285,-413.06027500012226,-887468.5485564035,-5.765769353677996e+17,1159.5,-5.538961620276097e+17,Unavailable: records do not contain quiet pre- and post-burst windows. Polarity imbalance is not the same as retained surface charge.,,,,,,,,,,,,,,,
